Id,Tipo_de_calle,Calle,Altura,Comuna,Altitud,Longitud
2016-0001,AVENIDA,PIEDRA BUENA AV.,"FERNANDEZ DE LA CRUZ, F., GRAL. AV.",8,-34.68757022,-58.47533969
2016-0002,GRAL PAZ,"PAZ, GRAL. AV.",DE LOS CORRALES AV.,9,-34.66977709,-58.50877521
2016-0003,AVENIDA,ENTRE RIOS AV.,2034,1,-34.63189362,-58.39040293
2016-0004,AVENIDA,LARRAZABAL AV.,"VILLEGAS, CONRADO, GRAL.",8,-34.68092974,-58.46503904
2016-0005,AVENIDA,SAN JUAN AV.,"SAENZ PE?A, LUIS, PRES.",1,-34.6224663,-58.38718297
2016-0008,AVENIDA,27 DE FEBRERO AV.,ESCALADA AV.,8,-34.68475866,-58.44451316
2016-0009,CALLE,NOGOYA,"GONZALEZ, JOAQUIN V.",11,-34.6082544,-58.50095869
2016-0010,GRAL PAZ,"PAZ, GRAL. AV.",DE LOS CORRALES AV.,9,-34.66977709,-58.50877521
2016-0012,AVENIDA,BELGRANO AV.,"IRIGOYEN, BERNARDO DE",1,-34.61303893,-58.38048577
2016-0013,AVENIDA,ENTRE RIOS AV.,1366,1,-34.62477387,-58.39114932
2016-0015,AVENIDA,"SCALABRINI ORTIZ, RAUL AV.",VERA,15,-34.59912758,-58.4376002
2016-0016,AVENIDA,REGIMIENTO DE PATRICIOS AV.,"QUINQUELA MARTIN, BENITO",4,-34.64291993,-58.36882665
2016-0017,AVENIDA,"ACOSTA, MARIANO","JANER, ANA MARIA",8,-34.65970435,-58.44989671
2016-0019,CALLE,"DE LA TORRE, LISANDRO","GARCIA GRANDE DE ZEQUEIRA, SEVERO",9,-34.65468721,-58.50990884
2016-0020,CALLE,SUIPACHA,156,1,-34.60653282,-58.37952223
2016-0021,AVENIDA,DIRECTORIO AV.,CURAPALIGUE,7,-34.63063795,-58.45157703
2016-0022,AVENIDA,9 DE JULIO AV.,"ALSINA, ADOLFO",1,-34.61079875,-58.38144696
2016-0025,GRAL PAZ,"PAZ, GRAL. AV.",27 DE FEBRERO AV.,8,-34.70524971,-58.46244952
2016-0026,CALLE,HOLMBERG,VEDIA,12,-34.54738649,-58.49216191
2016-0027,AVENIDA,CURAPALIGUE AV.,"DIAZ, AVELINO",7,-34.63852623,-58.44497874
2016-0028,AVENIDA,VIAMONTE,9 DE JULIO AV.,1,-34.60028648,-58.38199706
2016-0029,AVENIDA,CABILDO AV.,DEHEZA,12,-34.54153077,-58.47378664
2016-0031,GRAL PAZ,"PAZ, GRAL. AV.","ROCA, CNEL. AV.",8,-34.69843756,-58.47064556
2016-0034,AVENIDA,"ALCORTA, AMANCIO AV.","BONAVENA, OSCAR NATALIO",4,-34.65076549,-58.40623949
2016-0035,AVENIDA,CORRIENTES AV.,CALLAO AV.,3,-34.60443527,-58.39228965
2016-0036,CALLE,HERRERA,"VALLE, ARISTOBULO DEL",4,-34.63668504,-58.37813396
2016-0037,AVENIDA,LAFUENTE AV.,QUIRNO,7,-34.64358293,-58.46275892
2016-0038,GRAL PAZ,"PAZ, GRAL. AV.",ZUVIRIA,8,-34.67892743,-58.49683458
2016-0039,AVENIDA,"MITRE, BARTOLOME",PUEYRREDON AV.,3,-34.6088396,-58.40603217
2016-0041,AVENIDA,DIRECTORIO AV.,RIVERA INDARTE AV.,7,-34.63350444,-58.4607655
2016-0043,AVENIDA,"DELLEPIANE, LUIS, TTE. GRAL.",MURGUIONDO,8,-34.67494416,-58.47832463
2016-0044,AVENIDA,"MORENO, JOSE MARIA AV.",BALBASTRO,7,-34.63693953,-58.43213235
2016-0045,GRAL PAZ,"PAZ, GRAL. AV.",DEL LIBERTADOR AV.,13,-34.53476874,-58.46743471
2016-0047,CALLE,LIMA,1483,1,-34.62571878,-58.38247061
2016-0048,AVENIDA,CORRIENTES AV.,DORREGO AV.,15,-34.5917024,-58.44759966
2016-0049,AUTOPISTA,AUTOPISTA 1 SUR PRESIDENTE ARTURO FRONDIZI,,4,-34.63657525,-58.37714648
2016-0050,AVENIDA,"GORDILLO, TIMOTEO","FERNANDEZ DE LA CRUZ, F., GRAL. AV.",8,-34.68550712,-58.47305463
2016-0051,AVENIDA,"ALCORTA, AMANCIO AV.","BONAVENA, OSCAR NATALIO",4,-34.65076549,-58.40623949
2016-0052,AUTOPISTA,"LUGONES, LEOPOLDO AV.",,13,-34.54834238,-58.4385562
2016-0053,AVENIDA,TRIUNVIRATO AV.,OLAZABAL AV.,12,-34.57558053,-58.4842918
2016-0054,AUTOPISTA,AUTOPISTA DELLEPIANE LUIS TTE. GRAL.,"PAZ, GRAL. AV.",8,-34.68795245,-58.48695354
2016-0055,AVENIDA,"CASTILLA, RAMON, MARISCAL","FIGUEROA ALCORTA, PRES. AV.",14,-34.57964781,-58.40021959
2016-0056,AVENIDA,"CAMPOS, LUIS M. AV.",30,14,-34.57660058,-58.42957885
2016-0058,CALLE,LIMA,1471,1,-34.62556293,-58.38247542
2016-0059,CALLE,CIUDADELA,LIMA,1,-34.62728101,-58.38222219
2016-0064,AVENIDA,"JUSTO, JUAN B. AV.",CARRASCO AV.,10,-34.62953445,-58.49485242
2016-0065,AVENIDA,GAONA AV.,ESPINOSA,6,-34.61068024,-58.45227946
2016-0067,AVENIDA,"DE LA TORRE, LISANDRO",SARAZA,8,-34.6751276,-58.48455411
2016-0068,AVENIDA,"FIGUEROA ALCORTA, PRES. AV.",PUEYRREDON AV.,2,-34.58418569,-58.39056593
2016-0069,AVENIDA,ENTRE RIOS AV.,FILIBERTO,3,-34.62704273,-58.39118948
2016-0073,CALLE,"MAGARI?OS CERVANTES, A.",3900,10,-34.62025108,-58.49021952
2016-0074,GRAL PAZ,"PAZ, GRAL. AV.","SCAPINO, RODOLFO",8,-34.67732118,-58.49896559
2016-0075,AUTOPISTA,AUTOPISTA DELLEPIANE LUIS TTE. GRAL.,MIRALLA,8,-34.66874679,-58.47461076
2016-0076,AVENIDA,SAN MARTIN AV.,CAMARONES,15,-34.60356211,-58.46210891
2016-0077,AVENIDA,"PERON, JUAN DOMINGO, TTE. GENERAL","ALEM, LEANDRO N. AV.",1,-34.60536123,-58.3702777
2016-0078,AVENIDA,BELGRANO AV.,JUJUY AV.,3,-34.6146383,-58.40491455
2016-0079,AVENIDA,DEL LIBERTADOR AV.,"UDAONDO, GUILLERMO AV.",13,-34.54864492,-58.45504154
2016-0080,GRAL PAZ,"PAZ, GRAL. AV.",RIVADAVIA AV.,9,-34.63931752,-58.52927982
2016-0081,AVENIDA,"LARRALDE, CRISOLOGO AV.",MACHAIN,12,-34.55904606,-58.4872106
2016-0082,AVENIDA,LA PLATA AV.,2384,4,-34.64228803,-58.42273092
2016-0083,AVENIDA,"ALBERDI, JUAN BAUTISTA AV.",PUAN,6,-34.62539009,-58.44788671
2016-0084,CALLE,"PELLEGRINI, CARLOS",TUCUMAN,1,-34.60135531,-58.38110563
2016-0085,AVENIDA,"RABANAL, FRANCISCO, INTENDENTE AV.",EREZCANO,4,-34.657341,-58.42378834
2016-0086,AVENIDA,OLIVERA AV.,"FALCON, RAMON L.,CNEL.",10,-34.63652467,-58.48727942
2016-0087,AUTOPISTA,AUTOPISTA 1 SUR PRESIDENTE ARTURO FRONDIZI,,1,-34.62907067,-58.37864583
2016-0088,CALLE,CERETTI,NU?EZ,12,-34.56767549,-58.5015175
2016-0089,AUTOPISTA,"LUGONES, LEOPOLDO AV.",LA PAMPA,13,-34.55185825,-58.43233425
2016-0090,AVENIDA,"SALGUERO, JERONIMO",RIVADAVIA AV.,5,-34.6111224,-58.41971993
2016-0092,GRAL PAZ,"PAZ, GRAL. AV.",DEL LIBERTADOR AV.,13,-34.53476874,-58.46743471
2016-0093,AVENIDA,"ALBERDI, JUAN BAUTISTA AV.","MITRE, EMILIO",6,-34.62301748,-58.44362126
2016-0095,AVENIDA,MERCEDES,MOSCONI GENERAL AV.,11,-34.59546519,-58.51713095
2016-0096,AUTOPISTA,AUTOPISTA DELLEPIANE LUIS TTE. GRAL.,,8,-34.6668495,-58.47433193
2016-0097,CALLE,SOLIS,MEXICO,1,-34.6156281,-58.39038605
2016-0098,AVENIDA,SAN JUAN AV.,ALBERTI,3,-34.62356174,-58.40042405
2016-0099,GRAL PAZ,MOSCONI GENERAL AV.,"PAZ, GRAL. AV.",11,-34.59798754,-58.52340614
2016-0100,GRAL PAZ,"PAZ, GRAL. AV.",DONADO,12,-34.54795581,-58.49491054
2016-0101,GRAL PAZ,"PAZ, GRAL. AV.","CHAVEZ, JORGE",9,-34.65014993,-58.52932872
2016-0102,AVENIDA,"PERON, EVA AV.","SUAREZ, JOSE LEON",9,-34.67316502,-58.50011639
2016-0104,AVENIDA,ZINNY,SANTIAGO DE COMPOSTELA AV.,9,-34.65624369,-58.46635001
2016-0105,AVENIDA,"LACROZE, FEDERICO AV.",FRAGA,15,-34.58435809,-58.45343236
2016-0106,AVENIDA,"PELLEGRINI, CARLOS",DEL LIBERTADOR AV.,1,-34.58927731,-58.38090932
2016-0107,AUTOPISTA,AUTOPISTA 1 SUR PRESIDENTE ARTURO FRONDIZI,,4,-34.65429986,-58.37157668
2016-0109,AUTOPISTA,AUTOPISTA PERITO MORENO,BARRAGAN,9,-34.63659934,-58.52280139
2016-0110,AVENIDA,"ALBERDI, JUAN BAUTISTA AV.",CARHUE,9,-34.6590353,-58.51232237
2016-0111,AUTOPISTA,LUGONES,LA PAMPA,15,-34.57663634,-58.47461905
2016-0112,AUTOPISTA,AUTOPISTA 25 DE MAYO,AUTOPISTA 1 SUR PRESIDENTE ARTURO FRONDIZI,1,-34.62282019,-58.38268809
2016-0113,AVENIDA,"ALBERDI, JUAN BAUTISTA AV.",GUARDIA NACIONAL,9,-34.64564271,-58.49603546
2016-0114,CALLE,"SALGUERO, JERONIMO",1410,14,-34.59394733,-58.41848605
2016-0115,CALLE,ARIAS,TRONADOR,12,-34.54917673,-58.48935041
2016-0116,AVENIDA,27 DE FEBRERO AV.,ESCALADA AV.,8,-34.68475866,-58.44451316
2016-0117,AVENIDA,DEL LIBERTADOR AV.,TAGLE,14,-34.58271474,-58.39936478
2016-0118,AUTOPISTA,AUTOPISTA 1 SUR PRESIDENTE ARTURO FRONDIZI,,1,-34.62694503,-58.37936704
2016-0119,AVENIDA,"LARRALDE, CRISOLOGO AV.",TRIUNVIRATO AV.,12,-34.56353635,-58.49659234
2016-0122,AVENIDA,"PERON, EVA AV.",4233,9,-34.65194557,-58.47256391
2016-0123,AVENIDA,ASAMBLEA AV.,"BONORINO, ESTEBAN, CNEL. AV.",7,-34.64053676,-58.45130953
2016-0124,AVENIDA,RIVADAVIA AV.,RIVERA INDARTE AV.,7,-34.62884871,-58.46271207
2016-0125,AUTOPISTA,AUTOPISTA PERITO MORENO,"ALBERDI, JUAN BAUTISTA AV.",10,-34.64243791,-58.49020869
2016-0126,CALLE,IRIGOYEN,TINOGASTA,10,-34.62125906,-58.52572109
2016-0127,AVENIDA,"ACOSTA, MARIANO","ROCA, CNEL. AV.",8,-34.66677111,-58.44094791
2016-0128,AVENIDA,CASTRO,PAVON AV.,5,-34.6305389,-58.41914024
2016-0130,AUTOPISTA,AUTOPISTA 1 SUR PRESIDENTE ARTURO FRONDIZI,,1,-34.62764717,-58.37910942
2016-0131,CALLE,MIRAVE,3500,4,-34.64539318,-58.39871183
2016-0132,AVENIDA,SAN JUAN AV.,24 DE NOVIEMBRE,3,-34.62477021,-58.41036975
2016-0133,AVENIDA,LAS HERAS GENERAL AV.,SANCHEZ DE BUSTAMANTE,14,-34.5834269,-58.40204698
2016-0134,AVENIDA,PIEDRA BUENA AV.,2 DE ABRIL DE 1982,8,-34.67648597,-58.48935287
2016-0135,AVENIDA,"FIGUEROA ALCORTA, PRES. AV.","PINEDO, INT.",14,-34.56403694,-58.42260225
2016-0136,AUTOPISTA,AUTOPISTA BUENOS AIRES - LA PLATA,,4,-34.76080442,-58.18077826
2016-0137,AVENIDA,SAN MARTIN AV.,LADINES,11,-34.59035925,-58.51537091
2016-0138,AVENIDA,CABILDO AV.,BLANCO ENCALADA,13,-34.55922742,-58.4590967
2016-0139,AVENIDA,"FIGUEROA ALCORTA, PRES. AV.",DORREGO AV.,14,-34.56539579,-58.42008769
2016-0140,AVENIDA,JURAMENTO AV.,VUELTA DE OBLIGADO,13,-34.56147293,-58.45566399
2016-0142,AVENIDA,DEL LIBERTADOR AV.,"RAMOS MEJIA, JOSE MARIA, DR. AV.",1,-34.59276462,-58.37533517
2016-0143,AVENIDA,27 DE FEBRERO AV.,ESCALADA AV.,8,-34.68475866,-58.44451316
2016-0144,AVENIDA,"BROWN, ALTE. AV.",984,4,-34.63343907,-58.35975012
2016-0145,AVENIDA,DEL LIBERTADOR AV.,LA PAMPA,13,-34.55953855,-58.44523595
2016-0146,AVENIDA,PICHINCHA AV.,BRASIL,4,-34.63036565,-58.39626094
2016-0147,AVENIDA,INDEPENDENCIA AV.,"CEVALLOS, VIRREY",1,-34.61799615,-58.38896772
2016-0148,AVENIDA,GARMENDIA AV.,4895,15,-34.59484504,-58.46536113
2016-0150,AVENIDA,"ALCORTA, AMANCIO AV.","TABORDA, DIOGENES",4,-34.65273216,-58.40879146
2016-0151,CALLE,,,0,0.0,0.0
2016-0152,AVENIDA,"MORENO, PERITO AV.",ZUVIRIA,7,-34.64991946,-58.46451841
2016-0153,AVENIDA,ARAOZ,CORDOBA AV.,15,-34.59485488,-58.4291709
2016-0154,GRAL PAZ,"PAZ, GRAL. AV.",15200,8,-34.68251141,-58.49007772
2016-0155,CALLE,MADERO,900,10,-34.62772274,-58.52756365
2016-0156,AVENIDA,INDEPENDENCIA AV.,DEAN FUNES,3,-34.61943202,-58.40638983
2016-0157,AVENIDA,"JUSTO, JUAN B. AV.",5645,11,-34.61740997,-58.47576807
2016-0159,AVENIDA,27 DE FEBRERO AV.,ESCALADA AV.,8,-34.68475866,-58.44451316
2016-0160,AUTOPISTA,AUTOPISTA PERITO MORENO,,9,-34.63635787,-58.51927194
2016-0161,AVENIDA,SANTA FE AV.,GODOY CRUZ,14,-34.57866344,-58.42525456
2016-0162,AVENIDA,"LACROZE, FEDERICO AV.",FOREST AV.,15,-34.58518167,-58.45396573
2016-0163,GRAL PAZ,"PAZ, GRAL. AV.",MOSCONI GENERAL AV.,11,-34.59798754,-58.52340614
2016-0164,AVENIDA,LA PLATA AV.,"POMAR, GREGORIO TTE. CNEL.",4,-34.64119105,-58.42323628
2016-0165,AVENIDA,"GARCIA, MARTIN AV.",300,4,-34.62841919,-58.36926144
2016-0168,AVENIDA,LA PLATA AV.,"POMAR, GREGORIO TTE. CNEL.",4,-34.64119105,-58.42323628
2016-0169,AVENIDA,NU?EZ,"BALBIN, RICARDO, DR. AV.",12,-34.55676497,-58.47935434
2016-0170,GRAL PAZ,"PAZ, GRAL. AV.",4500,12,-34.5637998,-58.50598256
2016-0171,AUTOPISTA,"HUERGO, ING. AV.",AUTOPISTA 25 DE MAYO,1,-34.62150748,-58.36607137
2016-0172,AVENIDA,"GARAY, JUAN DE AV.",CASTRO,5,-34.63174259,-58.41918902
2016-0173,AVENIDA,DIRECTORIO AV.,SAN PEDRITO AV.,7,-34.63551751,-58.46749188
2016-0174,AUTOPISTA,AUTOPISTA 25 DE MAYO,,0,-34.62811567,-58.42031655
2016-0175,CALLE,"FALCON, RAMON L.,CNEL.",MEMBRILLAR,7,-34.62960517,-58.46064174
2016-0176,AVENIDA,BELGRANO AV.,PASEO COLON AV.,1,-34.61232875,-58.36956186
2016-0177,CALLE,ARENALES,3319,14,-34.58788235,-58.40966671
2016-0178,CALLE,REPUBLICA BOLIVARIANA DE VENEZUELA,SAAVEDRA,3,-34.61544091,-58.40288226
2017-0001,AVENIDA,"JUSTO, JUAN B. AV.",ACHUPALLAS,11,-34.61028571,-58.4659423
2017-0003,AVENIDA,OLAVARRIA,VELEZ SARSFIELD AV.,4,-34.64410277,-58.38957669
2017-0007,CALLE,LIMA,MEXICO,1,-34.61529543,-58.3816166
2017-0008,CALLE,"CABRERA, JOSE A.",BONPLAND,14,-34.58494351,-58.43917004
2017-0009,AUTOPISTA,AUTOPISTA 25 DE MAYO,,5,-34.62743346,-58.41595919
2017-0010,AVENIDA,DIRECTORIO AV.,RIGLOS,6,-34.62828656,-58.4356488
2017-0011,GRAL PAZ,"PAZ, GRAL. AV.","BALBIN, RICARDO, DR. AV.",12,-34.5497951,-58.5007381
2017-0012,CALLE,TRAFUL,"TABORDA, DIOGENES",4,-34.6505529,-58.40969005
2017-0013,AVENIDA,"IRIARTE, GRAL. AV.",3055,4,-34.65098981,-58.38972622
2017-0014,AVENIDA,DONADO,ARIAS,12,-34.55046754,-58.49185972
2017-0015,AVENIDA,CORDOBA AV.,CALLAO AV.,2,-34.59963642,-58.39293417
2017-0016,AUTOPISTA,AUTOPISTA 25 DE MAYO,,1,-34.62288231,-58.38099494
2017-0017,AVENIDA,"JUSTO, JUAN B. AV.",PARAGUAY,14,-34.58095431,-58.429012
2017-0018,GRAL PAZ,"PAZ, GRAL. AV.",DE LOS CORRALES AV.,9,-34.66977709,-58.50877521
2017-0021,CALLE,SARMIENTO,LIBERTAD,1,-34.60509972,-58.38362373
2017-0024,AVENIDA,RIVADAVIA AV.,7121,7,-34.62955795,-58.46589308
2017-0025,AVENIDA,"FERNANDEZ DE LA CRUZ, F., GRAL. AV.",RIVERA INDARTE AV.,7,-34.6542464,-58.43614426
2017-0026,AVENIDA,"MORENO, PERITO AV.",FOURNIER,4,-34.64979057,-58.41842777
2017-0027,AVENIDA,CASEROS AV.,1429,1,-34.6319325,-58.38332245
2017-0028,AVENIDA,GAONA AV.,FRAGATA PRES. SARMIENTO,6,-34.61196327,-58.45475488
2017-0029,CALLE,MOZART,TANDIL,9,-34.64742455,-58.48501341
2017-0030,AVENIDA,MOZART,AUTOPISTA DELLEPIANE LUIS TTE. GRAL.,9,-34.65872088,-58.47010988
2017-0031,CALLE,24 DE NOVIEMBRE,PAVON,3,-34.62873635,-58.4099756
2017-0032,GRAL PAZ,"PAZ, GRAL. AV.",LOS CEDROS,8,-34.68359163,-58.48892175
2017-0033,GRAL PAZ,"PAZ, GRAL. AV.","GUTIERREZ, RICARDO",11,-34.60325478,-58.52466448
2017-0034,CALLE,GODOY CRUZ,2651,14,-34.57929036,-58.42554218
2017-0035,AVENIDA,"ACHAVAL RODRIGUEZ, T., DR. AV.","VILLAFLOR, AZUCENA",1,-34.61113641,-58.35881506
2017-0036,GRAL PAZ,"PAZ, GRAL. AV.",CAMPANA,12,-34.58159762,-58.51452347
2017-0037,AVENIDA,INDEPENDENCIA AV.,"CEVALLOS, VIRREY",1,-34.61799615,-58.38896772
2017-0038,AVENIDA,CASTA?ARES AV.,LAUTARO,7,-34.64363363,-58.44516857
2017-0040,AVENIDA,"GUIRALDES, INT.",2699,13,-34.54560369,-58.43834197
2017-0041,CALLE,"FERNANDEZ MORENO, BALDOMERO",2186,7,-34.63531854,-58.45485084
2017-0042,GRAL PAZ,"LUGONES, LEOPOLDO AV.",,14,-34.54838118,-58.43858509
2017-0045,CALLE,NOGOYA,5940,10,-34.62454175,-58.52449285
2017-0047,AVENIDA,ARGENTINA AV.,CORVALAN,8,-34.6719879,-58.46713742
2017-0049,AVENIDA,"FERNANDEZ DE LA CRUZ, F., GRAL. AV.",VARELA AV.,8,-34.65554754,-58.43850413
2017-0050,AUTOPISTA,AUTOPISTA PERITO MORENO,,9,-34.64054388,-58.49252428
2017-0051,AUTOPISTA,AUTOPISTA DELLEPIANE LUIS TTE. GRAL.,,7,-34.66919181,-58.47558886
2017-0052,GRAL PAZ,"PAZ, GRAL. AV.",GOLETA SANTA CRUZ,8,-34.68095739,-58.49413799
2017-0053,CALLE,VIEYTES,VILLARINO,4,-34.65326075,-58.37547846
2017-0054,AVENIDA,DE LOS CONSTITUYENTES AV.,"MORAN, PEDRO",15,-34.58689719,-58.48680218
2017-0055,AVENIDA,DE LOS CONSTITUYENTES AV.,4900,12,-34.57962262,-58.49563989
2017-0058,AVENIDA,CORDOBA AV.,LIBERTAD,1,-34.5991594,-58.38403232
2017-0059,CALLE,BRASIL,LIMA,1,-34.62693865,-58.38223382
2017-0060,AVENIDA,ESCALADA AV.,"FERNANDEZ DE LA CRUZ, F., GRAL. AV.",8,-34.67323292,-58.45966521
2017-0061,AVENIDA,PARAGUAY,CALLAO AV.,2,-34.59871111,-58.39303911
2017-0062,AVENIDA,"JUSTO, JUAN B. AV.",SAN BLAS,10,-34.63395999,-58.51262106
2017-0063,AVENIDA,CHILE,9 DE JULIO AV.,1,-34.61646839,-58.38118367
2017-0064,CALLE,MAIPU,"PERON, JUAN DOMINGO, TTE. GENERAL",1,-34.60582475,-58.37653284
2017-0065,AVENIDA,SUAREZ AV.,HERRERA,4,-34.64035082,-58.37709334
2017-0066,AVENIDA,SAN MARTIN AV.,FRAGATA PRES. SARMIENTO,15,-34.60409469,-58.46002142
2017-0067,AVENIDA,DIRECTORIO AV.,"MORENO, JOSE MARIA AV.",6,-34.62801894,-58.4338197
2017-0068,AVENIDA,"RABANAL, FRANCISCO, INTENDENTE AV.",2950,8,-34.66437532,-58.43580656
2017-0069,GRAL PAZ,"PAZ, GRAL. AV.","SCHMIDL, ULRICO",9,-34.65997463,-58.52173071
2017-0070,CALLE,NUEVA YORK,3696,11,-34.59804273,-58.50791763
2017-0072,AVENIDA,DE LOS CONSTITUYENTES AV.,VALLEJOS,12,-34.58226957,-58.49175088
2017-0073,AVENIDA,CORRIENTES AV.,ECUADOR,3,-34.60425669,-58.40781467
2017-0074,CALLE,CASCO,133,9,-34.63787791,-58.52567073
2017-0075,AVENIDA,DE MAYO AV.,9 DE JULIO AV.,1,-34.60906385,-58.381542
2017-0076,AVENIDA,"CASTILLO, RAMON S., PRES. AV.",CALLE 12 (NO OFICIAL),2,-34.5780581,-58.38526125
2017-0077,CALLE,FRAY JUSTO SANTAMARIA DE ORO,1930,14,-34.58451712,-58.42934104
2017-0079,CALLE,MEXICO,DEAN FUNES,3,-34.61781124,-58.40657493
2017-0080,AVENIDA,"ALBERDI, JUAN BAUTISTA AV.",ESCALADA AV.,9,-34.64487785,-58.49525314
2017-0082,AVENIDA,ENTRE RIOS AV.,BRASIL,4,-34.62932696,-58.39092851
2017-0083,AVENIDA,"ALBERDI, JUAN BAUTISTA AV.",GUARDIA NACIONAL,9,-34.64564271,-58.49603546
2017-0084,AVENIDA,DEL LIBERTADOR AV.,RODRIGUEZ PE?A,2,-34.58703485,-58.38502878
2017-0085,AVENIDA,TACUARI,"GARCIA, MARTIN AV.",4,-34.63150425,-58.37261143
2017-0086,AVENIDA,RIVADAVIA AV.,MURGUIONDO,9,-34.63905965,-58.51876802
2017-0087,CALLE,24 DE NOVIEMBRE,390,3,-34.61516101,-58.41095567
2017-0088,AVENIDA,PASEO COLON AV.,BRASIL AV.,1,-34.62519403,-58.36797542
2017-0089,CALLE,"LEGUIZAMON, MARTINIANO",901,9,-34.64787051,-58.51514709
2017-0090,GRAL PAZ,CHIVILCOY AV.,"PAZ, GRAL. AV.",11,-34.59171721,-58.51925642
2017-0091,GRAL PAZ,SUPERI,"PAZ, GRAL. AV.",12,-34.54321216,-58.48671535
2017-0092,AUTOPISTA,AUTOPISTA 25 DE MAYO,AUTOPISTA 1 SUR PRESIDENTE ARTURO FRONDIZI,1,-34.62282019,-58.38268809
2017-0093,AUTOPISTA,"LUGONES, LEOPOLDO AV.",PUENTE DISTRIBUIDOR SCALABRINI ORTIZ,13,-34.54966288,-58.43633522
2017-0094,CALLE,"HUGO, VICTOR",2639,10,-34.61765855,-58.52640838
2017-0095,AVENIDA,CORDOBA AV.,"SALGUERO, JERONIMO",14,-34.59778875,-58.41894306
2017-0096,AVENIDA,CABILDO AV.,NU?EZ,13,-34.54972741,-58.46756026
2017-0098,CALLE,"BONIFACIO, JOSE",2114,7,-34.63132912,-58.45715752
2017-0099,AVENIDA,"FIGUEROA ALCORTA, PRES. AV.",5400,14,-34.56213916,-58.42406784
2017-0100,CALLE,REPUBLICA BOLIVARIANA DE VENEZUELA,2135,3,-34.61512051,-58.3967447
2017-0101,AVENIDA,"LACROZE, FEDERICO AV.",ZAPATA,13,-34.57084818,-58.44537508
2017-0102,AVENIDA,"IRIARTE, GRAL. AV.",ZAVALETA,4,-34.6510708,-58.40056767
2017-0104,AVENIDA,9 DE JULIO AV.,ESTADOS UNIDOS,1,-34.61853244,-58.38109568
2017-0106,CALLE,FRAY JUSTO SANTAMARIA DE ORO,GUEMES,14,-34.58035258,-58.42533612
2017-0107,AVENIDA,DEL LIBERTADOR AV.,JARAMILLO,13,-34.54395182,-58.46062311
2017-0108,GRAL PAZ,"PAZ, GRAL. AV.",MACHAIN,12,-34.54795581,-58.49491054
2017-0109,AVENIDA,DIRECTORIO AV.,PORTELA,7,-34.63665402,-58.47130269
2017-0110,AVENIDA,LAVALLE,"ALEM, LEANDRO N. AV.",1,-34.60189492,-58.370488
2017-0111,CALLE,USPALLATA,PIROVANO,4,-34.6423411,-58.42023854
2017-0112,AUTOPISTA,AUTOPISTA 25 DE MAYO,,7,-34.6399743,-58.45807401
2017-0113,AVENIDA,SANTA FE AV.,MAIPU,1,-34.59573848,-58.37697717
2017-0114,AVENIDA,ALVEAR AV.,DEL LIBERTADOR AV.,2,-34.5849866,-58.3910058
2017-0115,AVENIDA,PAVON AV.,TREINTA Y TRES ORIENTALES,5,-34.63089661,-58.42182126
2017-0116,GRAL PAZ,"PAZ, GRAL. AV.",5750,12,-34.58075791,-58.51389422
2017-0118,AVENIDA,VIEYTES,"CRUZ, OSVALDO AV.",4,-34.65232158,-58.37585415
2017-0120,AUTOPISTA,AUTOPISTA DELLEPIANE LUIS TTE. GRAL.,ESCALADA AV.,9,-34.66245085,-58.47297505
2017-0123,AVENIDA,ALBARI?O,ARGENTINA AV.,8,-34.67216349,-58.46855503
2017-0124,CALLE,"RAMIREZ DE VELASCO, JUAN",1211,15,-34.59185043,-58.44254033
2017-0125,AVENIDA,"FERNANDEZ DE LA CRUZ, F., GRAL. AV.",LARRAYA,8,-34.67926929,-58.46622247
2017-0126,AVENIDA,RIESTRA AV.,CA?ADA DE GOMEZ,8,-34.68148508,-58.48003734
2017-0127,AVENIDA,GALLO,CORDOBA AV.,2,-34.59800248,-58.41192137
2017-0128,CALLE,"ARANGUREN, JUAN F., DR.",611,6,-34.61349731,-58.44034689
2017-0129,AUTOPISTA,AUTOPISTA PERITO MORENO,AUTOPISTA 25 DE MAYO,9,-34.64925746,-58.47155277
2017-0130,AVENIDA,CHORROARIN,SAN MARTIN AV.,15,-34.59967065,-58.47883099
2017-0132,AVENIDA,COSQUIN,"ROCA, CNEL. AV.",8,-34.6937413,-58.46552171
2017-0134,AVENIDA,"ROCA, CNEL. AV.",3555,8,-34.66777987,-58.4423972
2017-0135,AVENIDA,WARNES AV.,PUNTA ARENAS,15,-34.59626814,-58.47032551
2017-0136,AVENIDA,BARCO CENTENERA DEL,"RABANAL, FRANCISCO, INTENDENTE AV.",4,-34.65522746,-58.41827843
2017-0137,AVENIDA,MOSCONI GENERAL AV.,SAN NICOLAS,11,-34.59279388,-58.51280715
2017-0138,AVENIDA,LAFUENTE AV.,"PERON, EVA AV.",7,-34.64385704,-58.46258582
2017-0139,AVENIDA,"ROCA, CNEL. AV.",ESCALADA AV.,8,-34.68003614,-58.45064148
2017-0140,AUTOPISTA,AUTOPISTA 1 SUR PRESIDENTE ARTURO FRONDIZI,,4,-34.62786553,-58.3790385
2017-0141,AVENIDA,LA PLATA AV.,"GOYENA, PEDRO AV.",6,-34.62513374,-58.42717783
2017-0143,CALLE,"TRELLES, MANUEL R.","DIAZ, CESAR, GRAL.",11,-34.60724519,-58.46442001
2017-0144,GRAL PAZ,"ROCA, CNEL. AV.","PAZ, GRAL. AV.",8,-34.69843756,-58.47064556
2017-0145,CALLE,MAZA,DON BOSCO,5,-34.61223119,-58.41677733
2017-0147,GRAL PAZ,"PAZ, GRAL. AV.","PERON, EVA AV.",9,-34.67450313,-58.5025179
2017-0148,AVENIDA,SAN JUAN AV.,LA RIOJA,3,-34.62438894,-58.40708125
2017-0149,AVENIDA,PASEO COLON AV.,MEXICO,1,-34.61477051,-58.36947198
2017-0150,AVENIDA,RIVADAVIA AV.,MIRALLA,9,-34.63934531,-58.51140889
2017-0151,CALLE,VIEYTES,LUJAN,4,-34.65559133,-58.37460912
2017-0152,CALLE,CACHI,TRAFUL,4,-34.65073916,-58.41146277
2017-0153,AVENIDA,ROSARIO,LA PLATA AV.,6,-34.61829385,-58.42855267
2017-0154,AVENIDA,ENTRE RIOS AV.,CASEROS AV.,4,-34.63412287,-58.39035581
2017-0155,AVENIDA,RIVADAVIA AV.,6350,7,-34.62656868,-58.45593915
2017-0157,GRAL PAZ,"PAZ, GRAL. AV.",HUMAITA,9,-34.64597065,-58.52866211
2017-0158,GRAL PAZ,GUALEGUAYCHU,"PAZ, GRAL. AV.",11,-34.59407024,-58.52037476
2017-0159,AVENIDA,INDEPENDENCIA AV.,"CEVALLOS, VIRREY",1,-34.61799615,-58.38896772
2017-0160,AVENIDA,NAZCA AV.,365,7,-34.62771756,-58.47074114
2017-0161,AVENIDA,"PERON, EVA AV.",5249,9,-34.65969965,-58.48200819
2018-0001,AVENIDA,SAN JUAN AV.,RINCON,3,-34.62297346,-58.39536773
2018-0002,CALLE,PERU,937,1,-34.61895467,-58.37456088
2018-0003,AVENIDA,"PUEYRREDON, HONORIO, DR. AV.",GALICIA,15,-34.60395657,-58.44860217
2018-0004,AVENIDA,DEL LIBERTADOR AV.,MANZANARES,13,-34.54332766,-58.46129513
2018-0005,AVENIDA,PASEO COLON AV.,1019,1,-34.61953517,-58.36907201
2018-0006,CALLE,VALLE,BARCO CENTENERA DEL,6,-34.62499107,-58.44062219
2018-0007,AUTOPISTA,AUTOPISTA PERITO MORENO,,9,-34.63601265,-58.52502765
2018-0008,AVENIDA,"HUERGO, ING. AV.",INDEPENDENCIA AV.,1,-34.61687778,-58.36659655
2018-0009,AVENIDA,PILCOMAYO,"BROWN, ALTE. AV.",4,-34.62763661,-58.36737389
2018-0010,CALLE,CERVANTES,"BELAUSTEGUI, LUIS, DR.",10,-34.63038658,-58.49807953
2018-0011,AVENIDA,CALLAO AV.,"LOPEZ, VICENTE",2,-34.59088447,-58.39092703
2018-0012,CALLE,OLIDEN,"CHILAVERT, MARTINIANO, CORONEL",8,-34.68049201,-58.46912006
2018-0013,AVENIDA,CONGRESO AV.,GALVAN,12,-34.56786129,-58.48661286
2018-0014,AVENIDA,"MORENO, PERITO AV.",RIVERA INDARTE AV.,7,-34.65080597,-58.44074927
2018-0015,AVENIDA,AUSTRALIA AV.,2800,4,-34.64684275,-58.38636298
2018-0016,AVENIDA,DEL LIBERTADOR AV.,"RAMOS MEJIA, JOSE MARIA, DR. AV.",1,-34.59276462,-58.37533517
2018-0017,AVENIDA,SAN PEDRITO AV.,RIVADAVIA AV.,7,-34.63070603,-58.46963952
2018-0018,CALLE,ISABEL LA CATOLICA,"SALVADORES, CNEL.",4,-34.64543658,-58.37207554
2018-0019,AVENIDA,LAS HERAS GENERAL AV.,CALLAO AV.,2,-34.59176378,-58.39189441
2018-0020,AUTOPISTA,AUTOPISTA PRESIDENTE HECTOR J. CAMPORA,,8,-34.66518343,-58.45012957
2018-0021,AVENIDA,"ALCORTA, AMANCIO AV.",ZAVALETA,4,-34.64546845,-58.40184094
2018-0022,AVENIDA,"MONTES DE OCA, MANUEL AV.",OLAVARRIA,4,-34.63966783,-58.37441153
2018-0023,CALLE,BARCO CENTENERA DEL,ROSARIO,6,-34.62082399,-58.44110156
2018-0024,AVENIDA,ALVAREZ THOMAS AV.,DONADO,15,-34.57827342,-58.47087351
2018-0025,AVENIDA,AVELLANEDA AV.,BOYACA AV.,7,-34.6224514,-58.4596221
2018-0026,AVENIDA,"RABANAL, FRANCISCO, INTENDENTE AV.",SAENZ AV.,4,-34.65476216,-58.41657793
2018-0027,CALLE,CASTRO,RONDEAU,5,-34.63722107,-58.41911301
2018-0028,AVENIDA,"BILBAO, FRANCISCO AV.",AZUL,9,-34.64251042,-58.47120586
2018-0029,AVENIDA,NAZCA AV.,GAONA AV.,11,-34.62049672,-58.47418944
2018-0030,AVENIDA,PLAZA,ALVAREZ THOMAS AV.,15,-34.57905579,-58.46720441
2018-0031,AVENIDA,GAONA AV.,"ARTIGAS, JOSE GERVASIO, GRAL.",11,-34.6177971,-58.46909362
2018-0032,AVENIDA,CABILDO AV.,AGUILAR,13,-34.5688864,-58.44704343
2018-0033,AVENIDA,CAMARONES,LOPE DE VEGA AV.,10,-34.62902048,-58.50535541
2018-0034,AVENIDA,SANTA FE AV.,2320,2,-34.59522198,-58.40021675
2018-0035,AVENIDA,RIVADAVIA AV.,6950,7,-34.62919627,-58.46325991
2018-0036,AVENIDA,SAN MARTIN AV.,ARGERICH,15,-34.59694755,-58.49471482
2018-0037,AVENIDA,CORDOBA AV.,"URIBURU JOSE E., PRES.",2,-34.59975962,-58.3987261
2018-0038,AVENIDA,RIVADAVIA AV.,1571,1,-34.60885045,-58.38872177
2018-0039,AUTOPISTA,"LUGONES, LEOPOLDO AV.",,14,-34.54845187,-58.43853145
2018-0040,CALLE,"FREIRE, RAMON, CAP. GRAL.","OLAGUER Y FELIU, VIRREY",13,-34.57305993,-58.45686132
2018-0041,AVENIDA,LA PLATA AV.,"FERNANDEZ DE LA CRUZ, F., GRAL. AV.",4,-34.64282424,-58.42281627
2018-0042,CALLE,BRANDSEN,PERDRIEL,4,-34.63953396,-58.38666024
2018-0043,AVENIDA,"VILARDEBO, TEODORO",ALVAREZ JONTE AV.,11,-34.61207587,-58.49122843
2018-0044,AVENIDA,ALBERTI,INDEPENDENCIA AV.,3,-34.61866627,-58.40098306
2018-0045,AVENIDA,ALVAREZ THOMAS AV.,879,13,-34.5791692,-58.45448963
2018-0046,GRAL PAZ,"PAZ, GRAL. AV.",RIVADAVIA AV.,9,-34.63931752,-58.52927982
2018-0047,AVENIDA,CORRIENTES AV.,DORREGO AV.,15,-34.5917024,-58.44759966
2018-0048,AVENIDA,RIVADAVIA AV.,PEDERNERA,7,-34.62925068,-58.46411215
2018-0049,CALLE,QUESADA,2300,13,-34.55395823,-58.4621322
2018-0050,AVENIDA,CABILDO AV.,JURAMENTO AV.,13,-34.5620361,-58.45669422
2018-0051,CALLE,CALIFORNIA,"CARBONARI, FRANCISCO, CMTE.",4,-34.64341878,-58.3597716
2018-0052,AVENIDA,"CARRIL, SALVADOR MARIA DEL AV.",NAZCA,15,-34.59070093,-58.49820145
2018-0053,CALLE,SAN LUIS,AGUERO,3,-34.5993918,-58.4105928
2018-0054,CALLE,LUGONES,2430,12,-34.57121563,-58.47969138
2018-0055,AVENIDA,INDEPENDENCIA AV.,JUJUY AV.,3,-34.61883916,-58.40351561
2018-0056,AVENIDA,RIVADAVIA AV.,11050,9,-34.63918987,-58.51973844
2018-0057,CALLE,COMBATE DE LOS POZOS,HUMBERTO 1?,3,-34.62163006,-58.39311376
2018-0058,AVENIDA,CORDOBA AV.,THAMES,15,-34.59082159,-58.43531242
2018-0059,AVENIDA,"GARAY, JUAN DE AV.",SANCHEZ DE LORIA,5,-34.63035454,-58.41178165
2018-0060,AVENIDA,LAVALLE,"ALEM, LEANDRO N. AV.",1,-34.60189492,-58.370488
2018-0061,CALLE,ESTADOS UNIDOS,PICHINCHA,3,-34.61964833,-58.39883882
2018-0062,CALLE,ROSARIO,BARCO CENTENERA DEL,6,-34.62082399,-58.44110156
2018-0063,AVENIDA,"ALEM, LEANDRO N. AV.",VIAMONTE,1,-34.59952725,-58.37093138
2018-0064,AVENIDA,VARELA AV.,PRIMERA JUNTA,7,-34.63953253,-58.45855262
2018-0065,CALLE,"PELLEGRINI, CARLOS",JUNCAL,1,-34.59283447,-58.38161909
2018-0066,AVENIDA,CORRIENTES AV.,"LACROZE, FEDERICO AV.",15,-34.58698157,-58.45511899
2018-0067,AVENIDA,"MONTES DE OCA, MANUEL AV.",FINOCHIETTO ENRIQUE DR.,4,-34.62973033,-58.37724226
2018-0068,AVENIDA,CARABOBO AV.,"ALBERDI, JUAN BAUTISTA AV.",7,-34.62930339,-58.45546217
2018-0069,AVENIDA,CORDOBA AV.,2215,2,-34.59954925,-58.39897064
2018-0070,CALLE,ESTADOS UNIDOS,"URQUIZA, GRAL.",3,-34.62126274,-58.40917826
2018-0071,AVENIDA,MORENO,"HUERGO, ING. AV.",1,-34.61099738,-58.36726348
2018-0072,AUTOPISTA,AUTOPISTA DELLEPIANE LUIS TTE. GRAL.,,8,-34.68454456,-58.48267426
2018-0073,AVENIDA,"IRIARTE, GRAL. AV.",3400,4,-34.65168841,-58.39546165
2018-0074,AVENIDA,"ALBERDI, JUAN BAUTISTA AV.",2968,7,-34.63376545,-58.46941984
2018-0075,AVENIDA,DEL LIBERTADOR AV.,ORTIZ DE OCAMPO,14,-34.58129246,-58.40367321
2018-0076,CALLE,"CHAVEZ, JORGE","PAZ, GRAL. AV.",9,-34.65014993,-58.52932872
2018-0077,CALLE,"URQUIZA, GRAL.",ESTADOS UNIDOS,3,-34.62126274,-58.40917826
2018-0078,CALLE,PARAGUAY,SANCHEZ DE BUSTAMANTE,2,-34.59473294,-58.41264127
2018-0079,GRAL PAZ,DE LOS CORRALES AV.,"PAZ, GRAL. AV.",9,-34.66977709,-58.50877521
2018-0080,AVENIDA,"ALBERDI, JUAN BAUTISTA AV.",CARHUE,9,-34.6590353,-58.51232237
2018-0081,AVENIDA,CASTANARES AV.,RIVERA INDARTE AV.,7,-34.64567171,-58.44744156
2018-0082,AVENIDA,LARRAZABAL,"GARZON, EUGENIO, GRAL. AV.",9,-34.65869968,-58.49441273
2018-0083,GRAL PAZ,"PAZ, GRAL. AV.","FERNANDEZ DE LA CRUZ, F., GRAL. AV.",8,-34.69153196,-58.47976785
2018-0084,AVENIDA,"MOREAU DE JUSTO, ALICIA AV.",COCHABAMBA,1,-34.62260331,-58.36523349
2018-0085,AVENIDA,ENTRE RIOS AV.,"GARAY, JUAN DE AV.",3,-34.62704273,-58.39118948
2018-0086,AVENIDA,DIRECTORIO AV.,GUARDIA NACIONAL,9,-34.65015854,-58.49019551
2018-0087,AVENIDA,PAVON AV.,COLOMBRES,5,-34.63023775,-58.41644362
2018-0088,GRAL PAZ,"PAZ, GRAL. AV.","BALBIN, RICARDO, DR. AV.",12,-34.5497951,-58.5007381
2018-0089,AVENIDA,PICHINCHA AV.,BRASIL,4,-34.63036565,-58.39626094
2018-0090,AVENIDA,27 DE FEBRERO AV.,PERGAMINO,8,-34.67051543,-58.43284809
2018-0091,AUTOPISTA,AUTOPISTA PERITO MORENO,BARRAGAN,9,-34.63659934,-58.52280139
2018-0092,AVENIDA,CORDOBA AV.,GASCON,14,-34.59774487,-58.4233693
2018-0093,CALLE,15 DE NOVIEMBRE DE 1889,1513,1,-34.63105973,-58.38691681
2018-0094,CALLE,"SALGUERO, JERONIMO",BERUTI,14,-34.5857988,-58.4116902
2018-0095,AVENIDA,LACARRA AV.,"DELLEPIANE, LUIS, TTE. GRAL.",9,-34.65117757,-58.46739825
2018-0096,AUTOPISTA,AUTOPISTA PRESIDENTE H?CTOR J. C?MPORA,"ROCA, CNEL. AV.",8,-34.67152226,-58.44483258
2018-0097,AVENIDA,VARELA AV.,"RABANAL, FRANCISCO, INTENDENTE AV.",8,-34.66128115,-58.43254025
2018-0098,GRAL PAZ,"PAZ, GRAL. AV.",BERON DE ASTRADA,8,-34.69640164,-58.47199387
2018-0099,AVENIDA,RIVADAVIA AV.,PEDERNERA,7,-34.62925068,-58.46411215
2018-0100,AVENIDA,"RAWSON DE DELLEPIANE, ELVIRA AV.",150,1,-34.62367156,-58.36217754
2018-0101,GRAL PAZ,"PAZ, GRAL. AV.",ZAPIOLA,12,-34.5407313,-58.48098594
2018-0102,CALLE,FAMATINA,"TABORDA, DIOGENES",4,-34.64640709,-58.41083404
2018-0103,AVENIDA,CASTA?ARES AV.,"BONORINO, ESTEBAN, CNEL. AV.",7,-34.64446729,-58.44609828
2018-0104,AUTOPISTA,AUTOPISTA 1 SUR PRESIDENTE ARTURO FRONDIZI,SUAREZ AV.,4,-34.64035082,-58.37709334
2018-0105,AVENIDA,NAZCA AV.,RIVADAVIA AV.,7,-34.63070603,-58.46963952
2018-0106,AVENIDA,"FIGUEROA ALCORTA, PRES. AV.",ECHEVERRIA,13,-34.55161027,-58.43674281
2018-0107,AVENIDA,RIVADAVIA AV.,JUJUY AV.,3,-34.61011987,-58.4059686
2018-0108,AVENIDA,DE LOS ITALIANOS AV.,"GUEMES, MACACHA",1,-34.60463618,-58.36154069
2018-0109,AVENIDA,TUCUMAN,"ALEM, LEANDRO N. AV.",1,-34.60066507,-58.37062179
2018-0110,AVENIDA,CORRIENTES AV.,"GALLARDO, ANGEL AV.",15,-34.60207186,-58.43220014
2018-0111,AUTOPISTA,AUTOPISTA PERITO MORENO,,9,-34.64949724,-58.46958442
2018-0112,CALLE,MU?ECAS,SERRANO,15,-34.59970903,-58.44671397
2018-0113,CALLE,"ARTIGAS, JOSE GERVASIO, GRAL.",TRES ARROYOS,11,-34.61474911,-58.47152163
2018-0114,AVENIDA,SOLIS,INDEPENDENCIA AV.,1,-34.61807951,-58.39032921
2018-0115,CALLE,"BOSCH, VENTURA","PAZ, GRAL. AV.",9,-34.64297861,-58.52887773
2018-0116,GRAL PAZ,"PAZ, GRAL. AV.",14800,8,-34.67981324,-58.49371157
2018-0117,AVENIDA,"PERON, EVA AV.",5321,9,-34.66012327,-58.48266599
2018-0118,AVENIDA,"PERON, JUAN DOMINGO, TTE. GENERAL",PUEYRREDON AV.,3,-34.60774301,-58.40612253
2018-0119,AVENIDA,"RABANAL, FRANCISCO, INTENDENTE AV.",SAN PEDRITO,8,-34.66292532,-58.43613623
2018-0120,AVENIDA,MONROE,ALVAREZ THOMAS AV.,12,-34.57208238,-58.48250732
2018-0121,AVENIDA,RIVADAVIA AV.,MANZONI,10,-34.6374328,-58.49945705
2018-0122,AUTOPISTA,AUTOPISTA DELLEPIANE LUIS TTE. GRAL.,LARRAZABAL,8,-34.67233407,-58.47743966
2018-0123,GRAL PAZ,"PAZ, GRAL. AV.","PERON, EVA AV.",9,-34.67450313,-58.5025179
2018-0124,AUTOPISTA,AUTOPISTA PERITO MORENO,,9,-34.63682499,-58.52144411
2018-0125,AVENIDA,SAENZ AV.,VENTANA,4,-34.65084045,-58.41650465
2018-0126,GRAL PAZ,"PAZ, GRAL. AV.","FALCON, RAMON L.,CNEL.",9,-34.64055918,-58.52994219
2018-0127,GRAL PAZ,"PAZ, GRAL. AV.",DE LOS CONSTITUYENTES AV.,12,-34.56919739,-58.50993046
2018-0128,GRAL PAZ,"PAZ, GRAL. AV.",11200,9,-34.64592873,-58.52844623
2018-0129,AVENIDA,"NEWBERY, JORGE AV.",GUEVARA,15,-34.58695347,-58.45021367
2018-0130,AVENIDA,GAONA AV.,SEGUROLA AV.,10,-34.62770192,-58.49022072
2018-0131,AVENIDA,"MADERO, EDUARDO AV.",550,1,-34.60106568,-58.36860866
2018-0132,AUTOPISTA,AUTOPISTA ARTURO ILLIA,"CASTILLO, RAMON S., PRES. AV.",2,-34.57241534,-58.39490504
2018-0133,AVENIDA,NAZCA AV.,RIVADAVIA AV.,7,-34.63070603,-58.46963952
2018-0134,AVENIDA,LA PLATA AV.,CASEROS AV.,7,-34.64019887,-58.42349365
2018-0135,AVENIDA,BELGRANO AV.,PERU,1,-34.61265002,-58.37471802
2018-0136,AVENIDA,RIVADAVIA AV.,7013,7,-34.62913916,-58.46438789
2018-0137,CALLE,"ALSINA, ADOLFO",SANTIAGO DEL ESTERO,1,-34.61100424,-58.38481975
2018-0138,CALLE,BERMUDEZ,1893,10,-34.62073702,-58.50751833
2018-0139,CALLE,SANTANDER,1974,7,-34.63888084,-58.44682986
2018-0140,CALLE,LANTERI JULIETA,1400,1,-34.61381341,-58.3600465
2018-0141,AVENIDA,MAZA,INDEPENDENCIA AV.,5,-34.62085945,-58.41509546
2018-0142,GRAL PAZ,"PAZ, GRAL. AV.",5172,12,-34.57251072,-58.50997604
2018-0143,AVENIDA,OLIVERA AV.,"ALBERDI, JUAN BAUTISTA AV.",10,-34.64047818,-58.48606475
2019-0001,AVENIDA,"CASTILLO, RAMON S., PRES. AV.",CALLE 12 (NO OFICIAL),2,-34.5780581,-58.38526125
2019-0002,AVENIDA,CASTA?ARES AV.,"MORENO, PERITO AV.",7,-34.65082149,-58.45463662
2019-0003,AVENIDA,SAN MARTIN AV.,TERRADA,15,-34.59718073,-58.49121672
2019-0004,AVENIDA,"PERON, EVA AV.",MEDINA,9,-34.65284605,-58.47325712
2019-0005,AVENIDA,"JUSTO, JUAN B. AV.",ALVAREZ JONTE AV.,10,-34.63382309,-58.52108101
2019-0006,AVENIDA,"OBLIGADO RAFAEL, AV.COSTANERA",4650,14,-34.55509606,-58.41652702
2019-0007,CALLE,"MITRE, BARTOLOME",YATAY,5,-34.6107166,-58.42891604
2019-0008,GRAL PAZ,"PAZ, GRAL. AV.",16080,8,-34.69156793,-58.47802293
2019-0009,AVENIDA,CHACABUCO,SAN JUAN AV.,1,-34.62200207,-58.37564821
2019-0010,AVENIDA,DEL LIBERTADOR AV.,4100,14,-34.56961468,-58.42668489
2019-0011,GRAL PAZ,"PAZ, GRAL. AV.","ALBERDI, JUAN BAUTISTA AV.",9,-34.66252488,-58.5183993
2019-0012,AVENIDA,CASTA?ARES AV.,"GORDILLO, TIMOTEO",8,-34.67665828,-58.48432691
2019-0013,CALLE,SALVIGNY,MOM,7,-34.64457699,-58.4338383
2019-0014,CALLE,"LAMARCA, EMILIO",5402,11,-34.58657938,-58.51664939
2019-0015,AVENIDA,SAN MARTIN AV.,5638,11,-34.59703502,-58.49613012
2019-0016,CALLE,"CARRILLO, RAMON, DR.",FINOCHIETTO ENRIQUE DR.,4,-34.63356284,-58.38313603
2019-0017,CALLE,MEXICO,PICHINCHA,3,-34.61632317,-58.39914719
2019-0018,AUTOPISTA,"CANTILO, INT.","UDAONDO, GUILLERMO AV.",13,-34.54048625,-58.44927253
2019-0019,AVENIDA,DEL LIBERTADOR AV.,6326,13,-34.55374003,-58.45049163
2019-0020,AVENIDA,CHICLANA AV.,3444,5,-34.63572989,-58.41288952
2019-0021,AVENIDA,BOYACA AV.,YERBAL,7,-34.62561234,-58.45743597
2019-0022,AVENIDA,ENTRE RIOS AV.,1260,1,-34.62352245,-58.39123782
2019-0023,GRAL PAZ,"PAZ, GRAL. AV.","JACQUES, AMADEO",9,-34.63637963,-58.52922765
2019-0024,AVENIDA,ANTARTIDA ARGENTINA AV.,1325,1,-34.58541957,-58.37208118
2019-0025,CALLE,"MITRE, BARTOLOME",SANCHEZ DE BUSTAMANTE,5,-34.60937557,-58.41458534
2019-0026,AVENIDA,"FERNANDEZ DE LA CRUZ, F., GRAL. AV.","PAZ, GRAL. AV.",8,-34.69153196,-58.47976785
2019-0027,AVENIDA,SANTA FE AV.,AZCUENAGA,2,-34.59511714,-58.39990285
2019-0028,AVENIDA,"JUSTO, JUAN B. AV.","ORO?O, NICASIO",11,-34.60588536,-58.46051346
2019-0029,AVENIDA,"FERNANDEZ DE LA CRUZ, F., GRAL. AV.","PAZ, GRAL. AV.",8,-34.69153196,-58.47976785
2019-0030,CALLE,"ALVAREZ, DONATO, TTE. GRAL.",YERBAL,7,-34.62447891,-58.45457546
2019-0031,AVENIDA,CORDOBA AV.,"MADERO, EDUARDO AV.",1,-34.59832047,-58.36951669
2019-0032,AVENIDA,CAMARONES,"ALVAREZ, DONATO, TTE. GRAL. AV.",11,-34.6044379,-58.46415322
2019-0033,AUTOPISTA,AUTOPISTA 25 DE MAYO,"HUERGO, ING. AV.",1,-34.62150748,-58.36607137
2019-0034,AVENIDA,"MORENO, PERITO AV.",3050,7,-34.65093074,-58.45537373
2019-0035,CALLE,SUIPACHA,665,1,-34.60053054,-58.37942637
2019-0036,CALLE,RIGLOS,FORMOSA,6,-34.62147504,-58.4368044
2019-0037,AVENIDA,LA RIOJA,INDEPENDENCIA AV.,3,-34.61971907,-58.40778291
2019-0038,AVENIDA,"UDAONDO, GUILLERMO AV.","FIGUEROA ALCORTA, PRES. AV.",13,-34.54628513,-58.45212523
2019-0039,AVENIDA,SAN PEDRITO AV.,DIRECTORIO AV.,7,-34.63551751,-58.46749188
2019-0040,CALLE,PUAN,SANTANDER,7,-34.63679732,-58.4426358
2019-0041,AVENIDA,"ALBERDI, JUAN BAUTISTA AV.",ANDALGALA,9,-34.65846419,-58.51140289
2019-0042,CALLE,LIMA,CONSTITUCION,1,-34.62465368,-58.38211431
2019-0043,AVENIDA,CORDOBA AV.,"MADERO, EDUARDO AV.",1,-34.59832047,-58.36951669
2019-0044,AVENIDA,BOEDO AV.,650,5,-34.62036547,-58.41635217
2019-0045,AVENIDA,DEL LIBERTADOR AV.,REPUBLICA DE LA INDIA,14,-34.57579669,-58.41316147
2019-0046,GRAL PAZ,"PAZ, GRAL. AV.",CABILDO AV.,13,-34.53825652,-58.47617802
2019-0047,AVENIDA,CASEROS AV.,1700,4,-34.63330028,-58.38641783
2019-0048,AVENIDA,AVELLANEDA AV.,1548,6,-34.62038137,-58.45322169
2019-0049,CALLE,CIUDAD DE LA PAZ,MENDOZA,13,-34.56166498,-58.45849057
2019-0050,AVENIDA,"SALGUERO, JERONIMO",HONDURAS AV.,14,-34.59411677,-58.41829559
2019-0051,CALLE,"FILIBERTO, JUAN DE DIOS",OLAVARRIA,4,-34.63832093,-58.36376488
2019-0053,AVENIDA,ASTURIAS AV.,CASTA?ARES AV.,8,-34.66004784,-58.46442668
2019-0054,CALLE,GANDARA,2976,15,-34.58428769,-58.48222035
2019-0055,AVENIDA,"GUEVARA, TRINIDAD","MADERO, EDUARDO AV.",1,-34.60283208,-58.36819005
2019-0056,AVENIDA,BOYACA AV.,305,7,-34.62330939,-58.45877601
2019-0057,CALLE,ARTILLEROS,LA PAMPA,13,-34.55760517,-58.44196498
2019-0058,AUTOPISTA,AUTOPISTA PERITO MORENO,,10,-34.63627822,-58.50622631
2019-0059,CALLE,15 DE NOVIEMBRE DE 1889,SANTIAGO DEL ESTERO,1,-34.63099197,-58.3841088
2019-0060,AVENIDA,"ACOSTA, MARIANO AV.","FALCON, RAMON L.,CNEL.",10,-34.63504312,-58.48100602
2019-0061,CALLE,11 DE SEPTIEMBRE DE 1888,MENDOZA,13,-34.5578132,-58.45200171
2019-0062,AVENIDA,"PINO, VIRREY DEL","CAMPOS, LUIS M. AV.",13,-34.56201105,-58.44462132
2019-0063,AVENIDA,FOREST AV.,MAURE,15,-34.58711712,-58.45220688
2019-0064,AVENIDA,BOYACA AV.,AVELLANEDA AV.,7,-34.6224514,-58.4596221
2019-0065,CALLE,BARCO CENTENERA DEL,TILCARA,4,-34.65414867,-58.4197085
2019-0066,AVENIDA,RIESTRA AV.,BOLIVAR (NO OFICIAL),7,-34.64938031,-58.44187596
2019-0067,CALLE,"CASTRO, EMILIO",4706,10,-34.64276621,-58.49101637
2019-0068,AVENIDA,27 DE FEBRERO AV.,5600,8,-34.66256502,-58.42493829
2019-0069,AVENIDA,"GARAY, JUAN DE AV.",2874,4,-34.62930162,-58.40489318
2019-0070,AVENIDA,"SCALABRINI ORTIZ, RAUL AV.",GORRITI,14,-34.59217875,-58.4268668
2019-0071,AVENIDA,PRIMERA JUNTA,OLIVERA AV.,9,-34.65620398,-58.479611
2019-0072,AVENIDA,"ALBERDI, JUAN BAUTISTA AV.",AZUL,10,-34.63524207,-58.47439934
2019-0073,AVENIDA,ALVAREZ THOMAS AV.,1788,15,-34.57926018,-58.46711912
2019-0074,AUTOPISTA,"LUGONES, LEOPOLDO AV.","PAZ, GRAL. AV.",13,-34.53465378,-58.46514781
2019-0075,CALLE,SAN ANTONIO,LUJAN,4,-34.65584079,-58.37571078
2019-0076,AUTOPISTA,AUTOPISTA 1 SUR PRESIDENTE ARTURO FRONDIZI,,4,-34.65429986,-58.37157668
2019-0077,AVENIDA,"FIGUEROA ALCORTA, PRES. AV.",TAGLE,14,-34.58070186,-58.39811256
2019-0078,AVENIDA,"EINSTEIN, ALBERTO","ALCORTA, AMANCIO AV.",4,-34.6541774,-58.41125934
2019-0079,CALLE,AGRELO,COLOMBRES,5,-34.61866836,-58.41822901
2019-0080,GRAL PAZ,CABILDO AV.,"PAZ, GRAL. AV.",13,-34.53825652,-58.47617802
2019-0081,AVENIDA,ELCANO AV.,4300,15,-34.58623761,-58.46141281
2019-0082,AVENIDA,"RABANAL, FRANCISCO, INTENDENTE AV.",2428,8,-34.6611974,-58.42985146
2019-0083,CALLE,MONTE,CORVALAN,9,-34.6583909,-58.48457413
2019-0084,CALLE,TANDIL,LAFUENTE,7,-34.63628186,-58.46572884
2019-0085,CALLE,CARDOSO,BACACAY,10,-34.6341913,-58.49261744
2019-0086,AVENIDA,CORRIENTES AV.,6700,15,-34.5884156,-58.45283186
2019-0087,AVENIDA,ALVAREZ THOMAS AV.,MENDOZA,12,-34.57418656,-58.47973681
2019-0088,AVENIDA,"ALCORTA, AMANCIO AV.","BONAVENA, OSCAR NATALIO",4,-34.65076549,-58.40623949
2019-0089,AVENIDA,"BROWN, ALTE. AV.","BLANES, JUAN MANUEL",4,-34.63107887,-58.36244648
2019-0090,AVENIDA,"ALBERDI, JUAN BAUTISTA AV.",5455,9,-34.64868027,-58.49962423
2019-0091,AVENIDA,"JUSTO, JUAN B. AV.",CAMARGO,15,-34.59559816,-58.44551437
2019-0092,CALLE,"BRIN, MINISTRO",SUAREZ,4,-34.63420319,-58.35608181
2019-0093,AVENIDA,NIZA,"JUSTO, JUAN B. AV.",11,-34.60907662,-58.46483679
2019-0094,CALLE,CAMARGO,SERRANO,15,-34.59724326,-58.44368628
2019-0095,AUTOPISTA,AUTOPISTA 1 SUR PRESIDENTE ARTURO FRONDIZI,,1,-34.62907067,-58.37864583
2019-0096,AVENIDA,CASEROS AV.,PIEDRAS,1,-34.62726382,-58.37560352
2019-0097,AUTOPISTA,AUTOPISTA PERITO MORENO,,9,-34.64815069,-58.47721439
2019-0098,AVENIDA,GUZMAN,365,15,-34.58984288,-58.45134029
2019-0100,AVENIDA,DE LOS CONSTITUYENTES AV.,4300,12,-34.58368803,-58.49040794
2019-0101,AVENIDA,"MORENO, PERITO AV.",TILCARA AV.,4,-34.64991178,-58.42102679
2019-0102,CALLE,IBARROLA,"GORDILLO, TIMOTEO",9,-34.64143926,-58.52219407
2019-0103,GRAL PAZ,"PAZ, GRAL. AV.",GRIVEO,11,-34.5947164,-58.52169422
2019-0104,AVENIDA,RIVADAVIA AV.,PERGAMINO,10,-34.63206174,-58.47460416
2019-0105,AVENIDA,SANTO TOME,SEGUROLA AV.,10,-34.61520391,-58.50512382
2020-0001,CALLE,URIARTE,LOYOLA,15,-34.59213355,-58.43910409
2020-0002,AVENIDA,SARAZA,VARELA AV.,7,-34.64646409,-58.45019436
2020-0003,AVENIDA,RIVADAVIA AV.,COMBATE DE LOS POZOS,3,-34.60927582,-58.39337644
2020-0004,AVENIDA,RODRIGUEZ PE?A,RIVADAVIA AV.,1,-34.60919284,-58.39055614
2020-0005,AVENIDA,24 DE NOVIEMBRE,SAN JUAN AV.,3,-34.62477021,-58.41036975
2020-0006,AVENIDA,LAFUENTE AV.,2250,8,-34.65412546,-58.44925765
2020-0007,CALLE,CHILE,LIMA,1,-34.61648696,-58.3815685
2020-0008,AVENIDA,CORDOBA AV.,"JAURES, JEAN",2,-34.59804521,-58.40662899
2020-0009,CALLE,"PERON, JUAN DOMINGO, TTE. GENERAL","SALGUERO, JERONIMO",5,-34.6060085,-58.41985649
2020-0010,AVENIDA,9 DE JULIO AV.,SAN JUAN AV.,1,-34.62214953,-58.38099833
2020-0011,CALLE,COLOMBRES,466,5,-34.61823178,-58.41803309
2020-0012,CALLE,MEXICO,2860,3,-34.61783553,-58.40604003
2020-0013,AVENIDA,COMBATIENTES DE MALVINAS AV.,TRIUNVIRATO AV.,15,-34.57994061,-58.47549929
2020-0014,CALLE,BERMUDEZ,NOGOYA,11,-34.61600366,-58.51398484
2020-0015,AVENIDA,BRASIL AV.,PASEO COLON AV.,1,-34.62519403,-58.36797542
2020-0016,AVENIDA,"ALEM, LEANDRO N. AV.",770,1,-34.59879316,-58.37133616
2020-0017,AVENIDA,BELGRANO AV.,RINCON,3,-34.61413568,-58.39613805
2020-0018,AVENIDA,"UDAONDO, GUILLERMO AV.",901,13,-34.54200276,-58.44903073
2020-0019,CALLE,CONSTITUCION,CASTRO,5,-34.6284667,-58.41972364
2020-0020,AVENIDA,PUEYRREDON AV.,"GOMEZ, VALENTIN",3,-34.60557123,-58.40571596
2020-0021,CALLE,"BRAVO, MARIO",1279,2,-34.59488319,-58.4145159
2020-0022,AUTOPISTA,AUTOPISTA DELLEPIANE LUIS TTE. GRAL.,ESCALADA AV.,9,-34.66245085,-58.47297505
2020-0023,AVENIDA,"ARAOZ DE LAMADRID, GREGORIO, GRAL.","BROWN, ALTE. AV.",4,-34.63695178,-58.35791192
2020-0024,CALLE,MURGUIONDO,1339,9,-34.65177305,-58.50801713
2020-0025,AVENIDA,RIVADAVIA AV.,2551,3,-34.60975108,-58.40258477
2020-0026,AUTOPISTA,"LUGONES, LEOPOLDO AV.",,14,-34.54774493,-58.44005494
2020-0027,AVENIDA,"DELLEPIANE, LUIS, TTE. GRAL.",MONTIEL,8,-34.68454456,-58.48267426
2020-0028,AVENIDA,"SCALABRINI ORTIZ, RAUL AV.",WARNES AV.,15,-34.60221948,-58.44248936
2020-0029,GRAL PAZ,"PAZ, GRAL. AV.","ROFFO, ANGEL H., DR.",9,-34.63886726,-58.52909134
2020-0030,AVENIDA,SAN MARTIN AV.,1550,6,-34.6064658,-58.45158942
2020-0031,AVENIDA,"GARZON, EUGENIO, GRAL. AV.",LARRAYA,9,-34.65788529,-58.49344309
2020-0032,AVENIDA,CORRIENTES AV.,SERRANO,15,-34.59635137,-58.44259166
2020-0033,GRAL PAZ,"PAZ, GRAL. AV.",DEL LIBERTADOR AV.,13,-34.53476874,-58.46743471
2020-0034,CALLE,"MITRE, BARTOLOME","ANCHORENA, TOMAS MANUEL DE, DR.",3,-34.60922259,-58.41178158
2020-0035,AUTOPISTA,AUTOPISTA 25 DE MAYO,,7,-34.63638927,-58.45068621
2020-0036,AVENIDA,"SCALABRINI ORTIZ, RAUL AV.",PARAGUAY,14,-34.5877879,-58.42016954
2020-0037,AVENIDA,"FERNANDEZ DE LA CRUZ, F., GRAL. AV.",VARELA AV.,8,-34.65554754,-58.43850413
2020-0038,AVENIDA,LAS HERAS GENERAL AV.,"DIAZ, CNEL. AV.",14,-34.58345898,-58.40617526
2020-0039,CALLE,MURGUIONDO,,9,-34.66331952,-58.49328675
2020-0040,AVENIDA,"CASTILLO, RAMON S., PRES. AV.",CALLE 12 (NO OFICIAL),2,-34.5780581,-58.38526125
2020-0041,AVENIDA,CURAPALIGUE,"PERON, EVA AV.",7,-34.63491705,-58.4475047
2020-0042,AVENIDA,"DIAZ, ANA",SOLDADO DE LA FRONTERA AV.,8,-34.68192648,-58.46745752
2020-0043,AVENIDA,"ALEM, LEANDRO N. AV.",PARAGUAY,1,-34.59717942,-58.37202621
2020-0044,AVENIDA,LA PLATA AV.,INDEPENDENCIA AV.,6,-34.62207347,-58.42779702
2020-0045,GRAL PAZ,"PAZ, GRAL. AV.",27 DE FEBRERO AV.,8,-34.70524971,-58.46244952
2020-0046,AVENIDA,NAZCA AV.,"CARRANZA, ADOLFO P.",11,-34.60776782,-58.4844016
2020-0047,AUTOPISTA,AUTOPISTA PRESIDENTE HECTOR J. CAMPORA,LACARRA AV.,9,-34.65174801,-58.46668375
2020-0048,AVENIDA,DORREGO AV.,614,15,-34.59322448,-58.4495878
2020-0049,AVENIDA,DEL LIBERTADOR AV.,"RAMOS MEJIA, JOSE MARIA, DR. AV.",1,-34.59276462,-58.37533517
2020-0050,AVENIDA,SANTA FE AV.,GODOY CRUZ,14,-34.57866344,-58.42525456
2020-0051,AVENIDA,AVELLANEDA AV.,MERCEDES,10,-34.62981124,-58.48493828
2020-0052,AVENIDA,TUCUMAN,PUEYRREDON AV.,3,-34.60183884,-58.40480504
2020-0053,AVENIDA,"ALCORTA, AMANCIO AV.","EINSTEIN, ALBERTO",4,-34.6541774,-58.41125934
2020-0054,CALLE,INCLAN,ALBERTI,4,-34.6297708,-58.39956546
2020-0055,AVENIDA,OLAZABAL AV.,5437,12,-34.5786897,-58.49005682
2020-0056,GRAL PAZ,"PAZ, GRAL. AV.","ROCA, CNEL. AV.",8,-34.69843756,-58.47064556
2020-0057,AVENIDA,NAZCA AV.,"VIALE, LUIS",11,-34.61945902,-58.4750156
2020-0058,AVENIDA,OLIVERA AV.,"FALCON, RAMON L.,CNEL.",10,-34.63652467,-58.48727942
2020-0059,CALLE,BRASIL,1100,1,-34.62794241,-58.3795169
2020-0060,AVENIDA,HOMERO,"PERON, EVA AV.",9,-34.65672199,-58.47750832
2020-0061,AUTOPISTA,"CANTILO, INT.","UDAONDO, GUILLERMO AV.",13,-34.54048625,-58.44927253
2020-0062,CALLE,MORENO,1845,3,-34.61253541,-58.39246272
2020-0063,CALLE,NUEVA YORK,ALTA GRACIA,11,-34.61047001,-58.52783814
2020-0065,GRAL PAZ,"PAZ, GRAL. AV.","GOYENECHE, ROBERTO PARQUE AV.",12,-34.54836855,-58.49332664
2020-0066,AUTOPISTA,AUTOPISTA PERITO MORENO,,10,-34.63593897,-58.50178784
2020-0067,AVENIDA,SAENZ AV.,BEAZLEY,4,-34.65476216,-58.41657793
2020-0068,AVENIDA,DEL LIBERTADOR AV.,AUSTRIA,2,-34.58307887,-58.39731474
2020-0069,AVENIDA,INDEPENDENCIA AV.,"SAENZ PE?A, LUIS, PRES.",1,-34.61790839,-58.38746381
2020-0070,AVENIDA,CALLAO AV.,"LAS HERAS, GENERAL",2,-34.59176378,-58.39189441
2020-0071,AVENIDA,SAN PEDRITO AV.,DIRECTORIO AV.,7,-34.63551751,-58.46749188
2020-0072,AVENIDA,JUJUY AV.,"CALVO, CARLOS",3,-34.62113271,-58.40280471
2020-0073,AVENIDA,27 DE FEBRERO AV.,ESCALADA AV.,8,-34.68475866,-58.44451316
2020-0074,AVENIDA,BOGOTA,NAZCA AV.,7,-34.62742408,-58.47110424
2020-0075,AVENIDA,CORRIENTES AV.,9 DE JULIO AV.,1,-34.60373898,-58.38220928
2020-0076,AVENIDA,ALVAREZ JONTE AV.,CHIVILCOY,10,-34.61565025,-58.49794468
2020-0077,AVENIDA,SAN MARTIN AV.,PUNTA ARENAS,15,-34.60111373,-58.47220945
2020-0078,CALLE,BARCO CENTENERA DEL,1118,7,-34.63217813,-58.43706741
2020-0079,GRAL PAZ,"PAZ, GRAL. AV.","GOYENECHE, ROBERTO PARQUE AV.",12,-34.54836855,-58.49332664
2021-0001,AUTOPISTA,AUTOPISTA 1 SUR PRESIDENTE ARTURO FRONDIZI,,1,-34.62622851,-58.37960727
2021-0002,AVENIDA,"CASTRO, EMILIO AV.",MURGUIONDO,9,-34.64972472,-58.51061062
2021-0003,AUTOPISTA,AUTOPISTA 25 DE MAYO,,7,-34.62941648,-58.43052224
2021-0004,AVENIDA,CASEROS AV.,GUARANI,5,-34.63866836,-58.41455544
2021-0005,AVENIDA,"PERON, EVA AV.",3800,9,-34.64730145,-58.46774439
2021-0006,AUTOPISTA,AUTOPISTA ARTURO ILLIA,SARMIENTO AV.,14,-34.56726817,-58.40786274
2021-0007,AVENIDA,DE LOS CONSTITUYENTES AV.,GIRIBONE,15,-34.58622275,-58.48744301
2021-0008,AVENIDA,SAENZ AV.,"RABANAL, FRANCISCO, INTENDENTE AV.",4,-34.65476216,-58.41657793
2021-0009,AVENIDA,PAYSANDU,GAONA AV.,6,-34.61134937,-58.45351111
2021-0010,GRAL PAZ,"PAZ, GRAL. AV.","BALBIN, RICARDO, DR. AV.",12,-34.5497951,-58.5007381
2021-0011,AVENIDA,SANTA FE AV.,1675,2,-34.59564871,-58.39144148
2021-0012,AUTOPISTA,"DELLEPIANE, LUIS, TTE. GRAL.",GUAMINI,8,-34.68385968,-58.48191128
2021-0013,AVENIDA,"FALCON, RAMON L.,CNEL.",OLIVERA AV.,10,-34.63652467,-58.48727942
2021-0014,AVENIDA,SAN MARTIN AV.,NOGOYA,15,-34.59779521,-58.48328708
2021-0015,AVENIDA,SAN MARTIN AV.,TINOGASTA,15,-34.5972499,-58.49018543
2021-0016,AVENIDA,"FERNANDEZ DE LA CRUZ, F., GRAL. AV.","DE LA TORRE, LISANDRO",8,-34.68482689,-58.47230127
2021-0017,AVENIDA,SALTA,CASEROS AV.,1,-34.63168269,-58.38262614
2021-0018,CALLE,"JAURES, JEAN","PERON, JUAN DOMINGO, TTE. GENERAL",3,-34.60793518,-58.41047268
2021-0019,AVENIDA,TRIUNVIRATO AV.,"LARRALDE, CRISOLOGO AV.",12,-34.56353635,-58.49659234
2021-0020,CALLE,POTOSI,GASCON,5,-34.60727189,-58.42462955
2021-0021,CALLE,"YRIGOYEN, HIPOLITO",24 DE NOVIEMBRE,3,-34.61185625,-58.41168345
2021-0022,AVENIDA,DEL LIBERTADOR AV.,ROOSEVELT FRANKLIN D.,13,-34.55217303,-58.45157681
2021-0023,AUTOPISTA,AUTOPISTA BUENOS AIRES - LA PLATA,,4,-34.76089256,-58.18083191
2021-0024,AVENIDA,"PERON, EVA AV.",PIEDRA BUENA AV.,9,-34.67006054,-58.49573651
2021-0025,GRAL PAZ,"PAZ, GRAL. AV.",AUTOPISTA DELLEPIANE LUIS TTE. GRAL.,8,-34.68795245,-58.48695354
2021-0026,AUTOPISTA,AUTOPISTA 1 SUR PRESIDENTE ARTURO FRONDIZI,,4,-34.64449357,-58.37562539
2021-0027,GRAL PAZ,"PAZ, GRAL. AV.",DONADO,12,-34.54795581,-58.49491054
2021-0028,AVENIDA,COREA AV.,"TORRES Y TENORIO, PRES.",7,-34.64357704,-58.44147621
2021-0029,AVENIDA,"FALCON, RAMON L.,CNEL.",SAN PEDRITO AV.,7,-34.63215432,-58.46899119
2021-0030,CALLE,FINOCHIETTO ENRIQUE DR.,1623,4,-34.63455776,-58.38685612
2021-0031,AVENIDA,9 DE JULIO AV.,INDEPENDENCIA AV.,1,-34.61765323,-58.38113667
2021-0032,AUTOPISTA,"CANTILO, INT.","GUIRALDES, INT.",13,-34.54538956,-58.44112678
2021-0033,AUTOPISTA,AUTOPISTA 25 DE MAYO,,5,-34.62743346,-58.41595919
2021-0034,AVENIDA,"ALCORTA, AMANCIO AV.",ZAVALETA,4,-34.64546845,-58.40184094
2021-0035,AVENIDA,"JANER, ANA MARIA",LAFUENTE AV.,8,-34.65679806,-58.44642231
2021-0036,GRAL PAZ,"PAZ, GRAL. AV.",MOSCONI GENERAL AV.,11,-34.59798754,-58.52340614
2021-0037,AVENIDA,MONROE,"BALBIN, RICARDO, DR. AV.",13,-34.56219075,-58.46649069
2021-0038,AVENIDA,"JUSTO, JUAN B. AV.",SANTA FE AV.,14,-34.57816791,-58.42653328
2021-0039,AVENIDA,OLIDEN,"ALBERDI, JUAN BAUTISTA AV.",9,-34.65303372,-58.50407099
2021-0040,GRAL PAZ,"PAZ, GRAL. AV.",DEL LIBERTADOR AV.,13,-34.53476874,-58.46743471
2021-0041,AVENIDA,DEL LIBERTADOR AV.,CASARES AV.,14,-34.5772806,-58.40986646
2021-0042,AVENIDA,RIVADAVIA AV.,10900,9,-34.63931792,-58.51739138
2021-0043,AVENIDA,"ALBERDI, JUAN BAUTISTA AV.",PILAR,9,-34.65556223,-58.50719962
2021-0044,AVENIDA,"PERON, EVA AV.","ACOSTA, MARIANO",9,-34.64600222,-58.46712311
2021-0045,AUTOPISTA,AUTOPISTA 1 SUR PRESIDENTE ARTURO FRONDIZI,,4,-34.64035082,-58.37709334
2021-0046,AVENIDA,ELCANO AV.,GUZMAN AV.,15,-34.58569883,-58.46033141
2021-0047,AVENIDA,"VEDIA, AGUSTIN DE","RABANAL, FRANCISCO, INTENDENTE AV.",4,-34.65633192,-58.42190745
2021-0048,AVENIDA,CAPDEVILA,CONGRESO AV.,12,-34.5698141,-58.49026573
2021-0049,AVENIDA,"FERNANDEZ DE LA CRUZ, F., GRAL. AV.",4000,8,-34.66902702,-58.45410344
2021-0050,AVENIDA,DEL LIBERTADOR AV.,5958,13,-34.55719892,-58.44751621
2021-0051,AVENIDA,27 DE FEBRERO AV.,EREZCANO AV.,4,-34.66005171,-58.42040352
2021-0052,GRAL PAZ,"PAZ, GRAL. AV.",14723,8,-34.68010798,-58.49530249
2021-0053,AVENIDA,CORRIENTES AV.,5783,15,-34.5947736,-58.44399875
2021-0054,CALLE,TABARE,EREZCANO,4,-34.65463857,-58.42759813
2021-0055,AVENIDA,CORRIENTES AV.,PUEYRREDON AV.,3,-34.60456293,-58.40547222
2021-0056,AVENIDA,CORRALES,"MORENO, PERITO AV.",4,-34.6500828,-58.42473018
2021-0057,AUTOPISTA,AUTOPISTA ARTURO ILLIA,,2,-34.57563957,-58.39257023
2021-0058,GRAL PAZ,"PAZ, GRAL. AV.",VEDIA,12,-34.54596153,-58.48941042
2021-0059,AVENIDA,"GARAY, JUAN DE AV.",2269,3,-34.62783085,-58.3964074
2021-0060,AVENIDA,"SALGUERO, JERONIMO",RIVADAVIA AV.,5,-34.6111224,-58.41971993
2021-0061,AVENIDA,"MORENO, PERITO AV.","ALCORTA, AMANCIO AV.",4,-34.65012801,-58.40544588
2021-0062,AVENIDA,LA PLATA AV.,2723,4,-34.64645957,-58.42003882
2021-0063,AVENIDA,"ALBERDI, JUAN BAUTISTA AV.",2906,7,-34.63348678,-58.46851293
2021-0064,GRAL PAZ,"PAZ, GRAL. AV.",TONELERO,9,-34.65422917,-58.52931141
2021-0065,AVENIDA,SAN JUAN AV.,LA PLATA AV.,6,-34.6269973,-58.42675754
2021-0066,AVENIDA,LOPE DE VEGA AV.,"PAZ, GRAL. AV.",11,-34.61098186,-58.52933723
2021-0067,AUTOPISTA,AUTOPISTA 1 SUR PRESIDENTE ARTURO FRONDIZI,,1,-34.62764718,-58.37910943
2021-0068,AVENIDA,"BEIRO, FRANCISCO AV.",5071,11,-34.61164474,-58.52161176
2021-0069,AVENIDA,SANTA FE AV.,3428,14,-34.5869768,-58.41354692
2021-0070,AVENIDA,"CHILAVERT, MARTINIANO, CORONEL",VARELA AV.,8,-34.65470804,-58.43960781
2021-0071,CALLE,SAN LUIS,2730,3,-34.60003693,-58.4045461
2021-0072,AVENIDA,CALLAO AV.,PARAGUAY,2,-34.59871111,-58.39303911
2021-0073,AVENIDA,DEL LIBERTADOR AV.,"AGOTE, LUIS DR.",2,-34.58405348,-58.39391034
2021-0074,GRAL PAZ,"PAZ, GRAL. AV.","BALBIN, RICARDO, DR. AV.",12,-34.5497951,-58.5007381
2021-0075,CALLE,SALTA,BRASIL,1,-34.62786038,-58.38281301
2021-0076,AVENIDA,"MORENO, PERITO AV.",2152,7,-34.65094083,-58.43980799
2021-0077,AVENIDA,DIRECTORIO AV.,1169,6,-34.62933109,-58.44402387
2021-0078,AVENIDA,INDEPENDENCIA AV.,LA PLATA AV.,6,-34.62207347,-58.42779702
2021-0079,CALLE,TUCUMAN,3112,3,-34.60097942,-58.40944147
2021-0080,AVENIDA,ARENALES,9 DE JULIO AV.,1,-34.5943016,-58.38277479
2021-0081,AUTOPISTA,AUTOPISTA 1 SUR PRESIDENTE ARTURO FRONDIZI,,4,-34.63800916,-58.37627355
2021-0082,AUTOPISTA,AUTOPISTA 25 DE MAYO,,3,-34.62453459,-58.39591856
2021-0083,AVENIDA,CABILDO AV.,OLAZABAL,13,-34.56015762,-58.45829717
2021-0084,AVENIDA,TAPALQUE,BRUIX AV.,9,-34.64584795,-58.49142611
2021-0085,GRAL PAZ,"PAZ, GRAL. AV.",EZEIZA,12,-34.57786555,-58.51271409
2021-0086,AVENIDA,RIVADAVIA AV.,PUAN,6,-34.62352826,-58.44864864
2021-0087,CALLE,ESMERALDA,1359,1,-34.59167894,-58.37795815
2021-0088,CALLE,MONROE,3 DE FEBRERO,13,-34.55555257,-58.45531707
2021-0089,AVENIDA,GAONA AV.,3655,11,-34.62140594,-58.47633683
2021-0090,AVENIDA,9 DE JULIO AV.,LAVALLE,1,-34.60256036,-58.38188582
2021-0091,CALLE,BAIGORRIA,"HUGO, VICTOR",10,-34.62284918,-58.51989389
2021-0092,AVENIDA,RIVADAVIA AV.,PUEYRREDON AV.,3,-34.61011987,-58.4059686
2021-0093,AVENIDA,RIESTRA AV.,MOM,7,-34.64561636,-58.43353773
2021-0094,AUTOPISTA,"DELLEPIANE, LUIS, TTE. GRAL.",LACARRA AV.,9,-34.65117757,-58.46739825
2021-0095,AVENIDA,GAONA AV.,TERRADA,11,-34.61984745,-58.47293407
2021-0096,AVENIDA,"PERON, EVA AV.",4071,9,-34.65021673,-58.47066794
2021-0097,CALLE,PADRE CARLOS MUJICA,709,1,-34.58679619,-58.37976155
